tree_ID,year,treatment,assessment,block,family
1002,2019,FFE,pre_rust,1,ENDO-159
1003,2019,FFE,pre_rust,1,ENDO-159
1007,2019,FFE,pre_rust,1,ENDO-156
1009,2019,FFE,pre_rust,1,ENDO-156
1012,2019,FFE,pre_rust,1,ENDO-158
1016,2019,FFE,pre_rust,1,ENDO-158
1019,2019,FFE,pre_rust,1,ENDO-157
1021,2019,FFE,pre_rust,1,ENDO-157
1023,2019,FFE,pre_rust,1,ENDO-155
1028,2019,FFE,pre_rust,1,ENDO-155
1029,2019,FFE,pre_rust,1,ENDO-160
1030,2019,FFE,pre_rust,1,ENDO-160
1034,2019,FFE,pre_rust,2,ENDO-160
1035,2019,FFE,pre_rust,2,ENDO-160
1040,2019,FFE,pre_rust,2,ENDO-158
1041,2019,FFE,pre_rust,2,ENDO-158
1046,2019,FFE,pre_rust,2,ENDO-155
1048,2019,FFE,pre_rust,2,ENDO-155
1052,2019,FFE,pre_rust,2,ENDO-157
1054,2019,FFE,pre_rust,2,ENDO-157
1055,2019,FFE,pre_rust,2,ENDO-159
1057,2019,FFE,pre_rust,2,ENDO-159
1059,2019,FFE,pre_rust,2,ENDO-156
1062,2019,FFE,pre_rust,2,ENDO-156
1064,2019,FFE,pre_rust,2,ENDO-156
1069,2019,FFE,pre_rust,3,ENDO-158
1070,2019,FFE,pre_rust,3,ENDO-158
1076,2019,FFE,pre_rust,3,ENDO-156
1078,2019,FFE,pre_rust,3,ENDO-157
1080,2019,FFE,pre_rust,3,ENDO-157
1084,2019,FFE,pre_rust,3,ENDO-155
1086,2019,FFE,pre_rust,3,ENDO-155
1088,2019,FFE,pre_rust,3,ENDO-159
1090,2019,FFE,pre_rust,3,ENDO-159
1093,2019,FFE,pre_rust,3,ENDO-160
1096,2019,FFE,pre_rust,3,ENDO-160
1098,2019,FFE,pre_rust,4,ENDO-155
1100,2019,FFE,pre_rust,4,ENDO-155
1104,2019,FFE,pre_rust,4,ENDO-159
1105,2019,FFE,pre_rust,4,ENDO-159
1110,2019,FFE,pre_rust,4,ENDO-158
1113,2019,FFE,pre_rust,4,ENDO-158
1117,2019,FFE,pre_rust,4,ENDO-160
1118,2019,FFE,pre_rust,4,ENDO-160
1120,2019,FFE,pre_rust,4,ENDO-157
1123,2019,FFE,pre_rust,4,ENDO-157
1127,2019,FFE,pre_rust,4,ENDO-156
1129,2019,FFE,pre_rust,4,ENDO-156
1131,2019,EMF,pre_rust,1,ENDO-156
1133,2019,EMF,pre_rust,1,ENDO-156
1135,2019,EMF,pre_rust,1,ENDO-158
1139,2019,EMF,pre_rust,1,ENDO-158
1143,2019,EMF,pre_rust,1,ENDO-159
1145,2019,EMF,pre_rust,1,ENDO-159
1146,2019,EMF,pre_rust,1,ENDO-157
1148,2019,EMF,pre_rust,1,ENDO-157
1155,2019,EMF,pre_rust,1,ENDO-155
1156,2019,EMF,pre_rust,1,ENDO-155
1158,2019,EMF,pre_rust,1,ENDO-160
1161,2019,EMF,pre_rust,1,ENDO-160
1164,2019,EMF,pre_rust,2,ENDO-155
1166,2019,EMF,pre_rust,2,ENDO-155
1169,2019,EMF,pre_rust,2,ENDO-159
1170,2019,EMF,pre_rust,2,ENDO-159
1176,2019,EMF,pre_rust,2,ENDO-160
1177,2019,EMF,pre_rust,2,ENDO-160
1181,2019,EMF,pre_rust,2,ENDO-158
1183,2019,EMF,pre_rust,2,ENDO-158
1185,2019,EMF,pre_rust,2,ENDO-156
1188,2019,EMF,pre_rust,2,ENDO-156
1191,2019,EMF,pre_rust,2,ENDO-157
1193,2019,EMF,pre_rust,2,ENDO-157
1194,2019,EMF,pre_rust,3,ENDO-155
1197,2019,EMF,pre_rust,3,ENDO-155
1202,2019,EMF,pre_rust,3,ENDO-157
1204,2019,EMF,pre_rust,3,ENDO-157
1205,2019,EMF,pre_rust,3,ENDO-159
1208,2019,EMF,pre_rust,3,ENDO-159
1211,2019,EMF,pre_rust,3,ENDO-158
1212,2019,EMF,pre_rust,3,ENDO-158
1216,2019,EMF,pre_rust,3,ENDO-156
1220,2019,EMF,pre_rust,3,ENDO-156
1223,2019,EMF,pre_rust,3,ENDO-160
1224,2019,EMF,pre_rust,3,ENDO-160
1229,2019,EMF,pre_rust,4,ENDO-158
1230,2019,EMF,pre_rust,4,ENDO-158
1235,2019,EMF,pre_rust,4,ENDO-157
1236,2019,EMF,pre_rust,4,ENDO-157
1238,2019,EMF,pre_rust,4,ENDO-159
1239,2019,EMF,pre_rust,4,ENDO-159
1241,2019,EMF,pre_rust,4,ENDO-156
1244,2019,EMF,pre_rust,4,ENDO-156
1247,2019,EMF,pre_rust,4,ENDO-160
1249,2019,EMF,pre_rust,4,ENDO-160
1256,2019,EMF,pre_rust,4,ENDO-155
1257,2019,EMF,pre_rust,4,ENDO-155
1259,2019,FFE+EMF,pre_rust,1,ENDO-156
1263,2019,FFE+EMF,pre_rust,1,ENDO-156
1264,2019,FFE+EMF,pre_rust,1,ENDO-158
1268,2019,FFE+EMF,pre_rust,1,ENDO-158
1270,2019,FFE+EMF,pre_rust,1,ENDO-159
1272,2019,FFE+EMF,pre_rust,1,ENDO-159
1276,2019,FFE+EMF,pre_rust,1,ENDO-160
1278,2019,FFE+EMF,pre_rust,1,ENDO-160
1279,2019,FFE+EMF,pre_rust,1,ENDO-157
1280,2019,FFE+EMF,pre_rust,1,ENDO-157
1287,2019,FFE+EMF,pre_rust,1,ENDO-155
1289,2019,FFE+EMF,pre_rust,1,ENDO-155
1294,2019,FFE+EMF,pre_rust,2,ENDO-159
1297,2019,FFE+EMF,pre_rust,2,ENDO-158
1299,2019,FFE+EMF,pre_rust,2,ENDO-158
1303,2019,FFE+EMF,pre_rust,2,ENDO-157
1305,2019,FFE+EMF,pre_rust,2,ENDO-157
1307,2019,FFE+EMF,pre_rust,2,ENDO-155
1310,2019,FFE+EMF,pre_rust,2,ENDO-155
1313,2019,FFE+EMF,pre_rust,2,ENDO-160
1314,2019,FFE+EMF,pre_rust,2,ENDO-160
1318,2019,FFE+EMF,pre_rust,2,ENDO-156
1321,2019,FFE+EMF,pre_rust,2,ENDO-156
1324,2019,FFE+EMF,pre_rust,3,ENDO-156
1326,2019,FFE+EMF,pre_rust,3,ENDO-156
1328,2019,FFE+EMF,pre_rust,3,ENDO-158
1331,2019,FFE+EMF,pre_rust,3,ENDO-158
1335,2019,FFE+EMF,pre_rust,3,ENDO-160
1338,2019,FFE+EMF,pre_rust,3,ENDO-160
1340,2019,FFE+EMF,pre_rust,3,ENDO-155
1343,2019,FFE+EMF,pre_rust,3,ENDO-155
1346,2019,FFE+EMF,pre_rust,3,ENDO-159
1349,2019,FFE+EMF,pre_rust,3,ENDO-159
1352,2019,FFE+EMF,pre_rust,3,ENDO-157
1353,2019,FFE+EMF,pre_rust,3,ENDO-157
1354,2019,FFE+EMF,pre_rust,4,ENDO-159
1355,2019,FFE+EMF,pre_rust,4,ENDO-159
1358,2019,FFE+EMF,pre_rust,4,ENDO-159
1359,2019,FFE+EMF,pre_rust,4,ENDO-160
1360,2019,FFE+EMF,pre_rust,4,ENDO-160
1363,2019,FFE+EMF,pre_rust,4,ENDO-156
1367,2019,FFE+EMF,pre_rust,4,ENDO-156
1369,2019,FFE+EMF,pre_rust,4,ENDO-157
1371,2019,FFE+EMF,pre_rust,4,ENDO-157
1377,2019,FFE+EMF,pre_rust,4,ENDO-155
1378,2019,FFE+EMF,pre_rust,4,ENDO-155
1379,2019,FFE+EMF,pre_rust,4,ENDO-158
1384,2019,FFE+EMF,pre_rust,4,ENDO-158
1386,2019,Control,pre_rust,1,ENDO-157
1388,2019,Control,pre_rust,1,ENDO-157
1390,2019,Control,pre_rust,1,ENDO-155
1393,2019,Control,pre_rust,1,ENDO-155
1399,2019,Control,pre_rust,1,ENDO-160
1400,2019,Control,pre_rust,1,ENDO-160
1404,2019,Control,pre_rust,1,ENDO-159
1405,2019,Control,pre_rust,1,ENDO-159
1407,2019,Control,pre_rust,1,ENDO-158
1408,2019,Control,pre_rust,1,ENDO-158
1412,2019,Control,pre_rust,1,ENDO-156
1415,2019,Control,pre_rust,1,ENDO-156
1421,2019,Control,pre_rust,2,ENDO-159
1422,2019,Control,pre_rust,2,ENDO-159
1426,2019,Control,pre_rust,2,ENDO-155
1427,2019,Control,pre_rust,2,ENDO-155
1431,2019,Control,pre_rust,2,ENDO-157
1433,2019,Control,pre_rust,2,ENDO-157
1435,2019,Control,pre_rust,2,ENDO-160
1438,2019,Control,pre_rust,2,ENDO-160
1439,2019,Control,pre_rust,2,ENDO-156
1442,2019,Control,pre_rust,2,ENDO-156
1445,2019,Control,pre_rust,2,ENDO-158
1449,2019,Control,pre_rust,2,ENDO-158
1450,2019,Control,pre_rust,3,ENDO-157
1453,2019,Control,pre_rust,3,ENDO-157
1456,2019,Control,pre_rust,3,ENDO-156
1458,2019,Control,pre_rust,3,ENDO-156
1461,2019,Control,pre_rust,3,ENDO-159
1462,2019,Control,pre_rust,3,ENDO-159
1465,2019,Control,pre_rust,3,ENDO-155
1468,2019,Control,pre_rust,3,ENDO-155
1471,2019,Control,pre_rust,3,ENDO-160
1474,2019,Control,pre_rust,3,ENDO-160
1477,2019,Control,pre_rust,3,ENDO-158
1480,2019,Control,pre_rust,3,ENDO-158
1482,2019,Control,pre_rust,4,ENDO-155
1485,2019,Control,pre_rust,4,ENDO-155
1489,2019,Control,pre_rust,4,ENDO-160
1490,2019,Control,pre_rust,4,ENDO-160
1496,2019,Control,pre_rust,4,ENDO-158
1497,2019,Control,pre_rust,4,ENDO-158
1501,2019,Control,pre_rust,4,ENDO-159
1503,2019,Control,pre_rust,4,ENDO-159
1506,2019,Control,pre_rust,4,ENDO-157
1507,2019,Control,pre_rust,4,ENDO-157
1511,2019,Control,pre_rust,4,ENDO-156
1513,2019,Control,pre_rust,4,ENDO-156
1899,2019,Control,pre_rust,1,ENDO-160
1900,2019,Control,pre_rust,1,ENDO-160
1904,2019,Control,pre_rust,1,ENDO-158
1908,2019,Control,pre_rust,1,ENDO-158
1914,2019,Control,pre_rust,1,ENDO-155
1915,2019,Control,pre_rust,1,ENDO-155
1918,2019,Control,pre_rust,1,ENDO-156
1919,2019,Control,pre_rust,1,ENDO-156
1921,2019,Control,pre_rust,1,ENDO-157
1924,2019,Control,pre_rust,1,ENDO-157
1925,2019,Control,pre_rust,1,ENDO-159
1929,2019,Control,pre_rust,1,ENDO-159
1934,2019,Control,pre_rust,2,ENDO-155
1935,2019,Control,pre_rust,2,ENDO-155
1936,2019,Control,pre_rust,2,ENDO-159
1939,2019,Control,pre_rust,2,ENDO-159
1942,2019,Control,pre_rust,2,ENDO-160
1944,2019,Control,pre_rust,2,ENDO-160
1946,2019,Control,pre_rust,2,ENDO-156
1947,2019,Control,pre_rust,2,ENDO-156
1951,2019,Control,pre_rust,2,ENDO-158
1953,2019,Control,pre_rust,2,ENDO-158
1960,2019,Control,pre_rust,2,ENDO-157
1961,2019,Control,pre_rust,2,ENDO-157
1963,2019,Control,pre_rust,3,ENDO-159
1965,2019,Control,pre_rust,3,ENDO-159
1969,2019,Control,pre_rust,3,ENDO-157
1970,2019,Control,pre_rust,3,ENDO-157
1973,2019,Control,pre_rust,3,ENDO-156
1976,2019,Control,pre_rust,3,ENDO-156
1978,2019,Control,pre_rust,3,ENDO-158
1981,2019,Control,pre_rust,3,ENDO-158
1984,2019,Control,pre_rust,3,ENDO-160
1986,2019,Control,pre_rust,3,ENDO-160
1989,2019,Control,pre_rust,3,ENDO-155
1991,2019,Control,pre_rust,3,ENDO-155
1994,2019,Control,pre_rust,4,ENDO-155
2000,2019,Control,pre_rust,4,ENDO-155
2003,2019,Control,pre_rust,4,ENDO-157
2004,2019,Control,pre_rust,4,ENDO-157
2006,2019,Control,pre_rust,4,ENDO-160
2008,2019,Control,pre_rust,4,ENDO-160
2014,2019,Control,pre_rust,4,ENDO-156
2015,2019,Control,pre_rust,4,ENDO-156
2019,2019,Control,pre_rust,4,ENDO-158
2020,2019,Control,pre_rust,4,ENDO-158
2023,2019,Control,pre_rust,4,ENDO-159
2025,2019,Control,pre_rust,4,ENDO-159
1001,2020,FFE,rust_inoc,1,ENDO-159
1002,2020,FFE,rust_inoc,1,ENDO-159
1003,2020,FFE,rust_inoc,1,ENDO-159
1006,2020,FFE,rust_inoc,1,ENDO-156
1007,2020,FFE,rust_inoc,1,ENDO-156
1009,2020,FFE,rust_inoc,1,ENDO-156
1012,2020,FFE,rust_inoc,1,ENDO-158
1016,2020,FFE,rust_inoc,1,ENDO-158
1018,2020,FFE,rust_inoc,1,ENDO-157
1019,2020,FFE,rust_inoc,1,ENDO-157
1021,2020,FFE,rust_inoc,1,ENDO-157
1023,2020,FFE,rust_inoc,1,ENDO-155
1028,2020,FFE,rust_inoc,1,ENDO-155
1029,2020,FFE,rust_inoc,1,ENDO-160
1030,2020,FFE,rust_inoc,1,ENDO-160
1033,2020,FFE,rust_inoc,2,ENDO-160
1034,2020,FFE,rust_inoc,2,ENDO-160
1036,2020,FFE,rust_inoc,2,ENDO-160
1040,2020,FFE,rust_inoc,2,ENDO-158
1041,2020,FFE,rust_inoc,2,ENDO-158
1043,2020,FFE,rust_inoc,2,ENDO-158
1046,2020,FFE,rust_inoc,2,ENDO-155
1048,2020,FFE,rust_inoc,2,ENDO-155
1052,2020,FFE,rust_inoc,2,ENDO-157
1054,2020,FFE,rust_inoc,2,ENDO-157
1055,2020,FFE,rust_inoc,2,ENDO-159
1057,2020,FFE,rust_inoc,2,ENDO-159
1059,2020,FFE,rust_inoc,2,ENDO-156
1062,2020,FFE,rust_inoc,2,ENDO-156
1064,2020,FFE,rust_inoc,2,ENDO-156
1069,2020,FFE,rust_inoc,3,ENDO-158
1070,2020,FFE,rust_inoc,3,ENDO-158
1071,2020,FFE,rust_inoc,3,ENDO-158
1076,2020,FFE,rust_inoc,3,ENDO-156
1078,2020,FFE,rust_inoc,3,ENDO-157
1080,2020,FFE,rust_inoc,3,ENDO-157
1084,2020,FFE,rust_inoc,3,ENDO-155
1085,2020,FFE,rust_inoc,3,ENDO-155
1086,2020,FFE,rust_inoc,3,ENDO-155
1088,2020,FFE,rust_inoc,3,ENDO-159
1090,2020,FFE,rust_inoc,3,ENDO-159
1091,2020,FFE,rust_inoc,3,ENDO-159
1093,2020,FFE,rust_inoc,3,ENDO-160
1094,2020,FFE,rust_inoc,3,ENDO-160
1096,2020,FFE,rust_inoc,3,ENDO-160
1098,2020,FFE,rust_inoc,4,ENDO-155
1100,2020,FFE,rust_inoc,4,ENDO-155
1101,2020,FFE,rust_inoc,4,ENDO-155
1104,2020,FFE,rust_inoc,4,ENDO-159
1105,2020,FFE,rust_inoc,4,ENDO-159
1110,2020,FFE,rust_inoc,4,ENDO-158
1111,2020,FFE,rust_inoc,4,ENDO-158
1113,2020,FFE,rust_inoc,4,ENDO-158
1117,2020,FFE,rust_inoc,4,ENDO-160
1118,2020,FFE,rust_inoc,4,ENDO-160
1120,2020,FFE,rust_inoc,4,ENDO-157
1122,2020,FFE,rust_inoc,4,ENDO-157
1123,2020,FFE,rust_inoc,4,ENDO-157
1127,2020,FFE,rust_inoc,4,ENDO-156
1129,2020,FFE,rust_inoc,4,ENDO-156
1130,2020,EMF,rust_inoc,1,ENDO-156
1131,2020,EMF,rust_inoc,1,ENDO-156
1133,2020,EMF,rust_inoc,1,ENDO-156
1135,2020,EMF,rust_inoc,1,ENDO-158
1139,2020,EMF,rust_inoc,1,ENDO-158
1143,2020,EMF,rust_inoc,1,ENDO-159
1145,2020,EMF,rust_inoc,1,ENDO-159
1146,2020,EMF,rust_inoc,1,ENDO-157
1148,2020,EMF,rust_inoc,1,ENDO-157
1152,2020,EMF,rust_inoc,1,ENDO-155
1155,2020,EMF,rust_inoc,1,ENDO-155
1156,2020,EMF,rust_inoc,1,ENDO-155
1157,2020,EMF,rust_inoc,1,ENDO-160
1158,2020,EMF,rust_inoc,1,ENDO-160
1161,2020,EMF,rust_inoc,1,ENDO-160
1164,2020,EMF,rust_inoc,2,ENDO-155
1166,2020,EMF,rust_inoc,2,ENDO-155
1168,2020,EMF,rust_inoc,2,ENDO-155
1169,2020,EMF,rust_inoc,2,ENDO-159
1170,2020,EMF,rust_inoc,2,ENDO-159
1172,2020,EMF,rust_inoc,2,ENDO-159
1176,2020,EMF,rust_inoc,2,ENDO-160
1177,2020,EMF,rust_inoc,2,ENDO-160
1181,2020,EMF,rust_inoc,2,ENDO-158
1183,2020,EMF,rust_inoc,2,ENDO-158
1185,2020,EMF,rust_inoc,2,ENDO-156
1188,2020,EMF,rust_inoc,2,ENDO-156
1191,2020,EMF,rust_inoc,2,ENDO-157
1192,2020,EMF,rust_inoc,2,ENDO-157
1193,2020,EMF,rust_inoc,2,ENDO-157
1194,2020,EMF,rust_inoc,3,ENDO-155
1197,2020,EMF,rust_inoc,3,ENDO-155
1202,2020,EMF,rust_inoc,3,ENDO-157
1204,2020,EMF,rust_inoc,3,ENDO-157
1205,2020,EMF,rust_inoc,3,ENDO-159
1208,2020,EMF,rust_inoc,3,ENDO-159
1209,2020,EMF,rust_inoc,3,ENDO-159
1211,2020,EMF,rust_inoc,3,ENDO-158
1212,2020,EMF,rust_inoc,3,ENDO-158
1215,2020,EMF,rust_inoc,3,ENDO-158
1216,2020,EMF,rust_inoc,3,ENDO-156
1220,2020,EMF,rust_inoc,3,ENDO-156
1222,2020,EMF,rust_inoc,3,ENDO-160
1223,2020,EMF,rust_inoc,3,ENDO-160
1224,2020,EMF,rust_inoc,3,ENDO-160
1227,2020,EMF,rust_inoc,4,ENDO-158
1229,2020,EMF,rust_inoc,4,ENDO-158
1230,2020,EMF,rust_inoc,4,ENDO-158
1234,2020,EMF,rust_inoc,4,ENDO-157
1235,2020,EMF,rust_inoc,4,ENDO-157
1236,2020,EMF,rust_inoc,4,ENDO-157
1238,2020,EMF,rust_inoc,4,ENDO-159
1239,2020,EMF,rust_inoc,4,ENDO-159
1241,2020,EMF,rust_inoc,4,ENDO-156
1244,2020,EMF,rust_inoc,4,ENDO-156
1246,2020,EMF,rust_inoc,4,ENDO-156
1247,2020,EMF,rust_inoc,4,ENDO-160
1249,2020,EMF,rust_inoc,4,ENDO-160
1256,2020,EMF,rust_inoc,4,ENDO-155
1257,2020,EMF,rust_inoc,4,ENDO-155
1259,2020,FFE+EMF,rust_inoc,1,ENDO-156
1263,2020,FFE+EMF,rust_inoc,1,ENDO-156
1264,2020,FFE+EMF,rust_inoc,1,ENDO-158
1265,2020,FFE+EMF,rust_inoc,1,ENDO-158
1268,2020,FFE+EMF,rust_inoc,1,ENDO-158
1270,2020,FFE+EMF,rust_inoc,1,ENDO-159
1272,2020,FFE+EMF,rust_inoc,1,ENDO-159
1276,2020,FFE+EMF,rust_inoc,1,ENDO-160
1278,2020,FFE+EMF,rust_inoc,1,ENDO-160
1279,2020,FFE+EMF,rust_inoc,1,ENDO-157
1280,2020,FFE+EMF,rust_inoc,1,ENDO-157
1282,2020,FFE+EMF,rust_inoc,1,ENDO-157
1286,2020,FFE+EMF,rust_inoc,1,ENDO-155
1287,2020,FFE+EMF,rust_inoc,1,ENDO-155
1289,2020,FFE+EMF,rust_inoc,1,ENDO-155
1291,2020,FFE+EMF,rust_inoc,2,ENDO-159
1293,2020,FFE+EMF,rust_inoc,2,ENDO-159
1294,2020,FFE+EMF,rust_inoc,2,ENDO-159
1296,2020,FFE+EMF,rust_inoc,2,ENDO-158
1297,2020,FFE+EMF,rust_inoc,2,ENDO-158
1299,2020,FFE+EMF,rust_inoc,2,ENDO-158
1303,2020,FFE+EMF,rust_inoc,2,ENDO-157
1305,2020,FFE+EMF,rust_inoc,2,ENDO-157
1307,2020,FFE+EMF,rust_inoc,2,ENDO-155
1310,2020,FFE+EMF,rust_inoc,2,ENDO-155
1313,2020,FFE+EMF,rust_inoc,2,ENDO-160
1314,2020,FFE+EMF,rust_inoc,2,ENDO-160
1318,2020,FFE+EMF,rust_inoc,2,ENDO-156
1320,2020,FFE+EMF,rust_inoc,2,ENDO-156
1321,2020,FFE+EMF,rust_inoc,2,ENDO-156
1324,2020,FFE+EMF,rust_inoc,3,ENDO-156
1325,2020,FFE+EMF,rust_inoc,3,ENDO-156
1326,2020,FFE+EMF,rust_inoc,3,ENDO-156
1328,2020,FFE+EMF,rust_inoc,3,ENDO-158
1331,2020,FFE+EMF,rust_inoc,3,ENDO-158
1334,2020,FFE+EMF,rust_inoc,3,ENDO-160
1335,2020,FFE+EMF,rust_inoc,3,ENDO-160
1338,2020,FFE+EMF,rust_inoc,3,ENDO-160
1340,2020,FFE+EMF,rust_inoc,3,ENDO-155
1343,2020,FFE+EMF,rust_inoc,3,ENDO-155
1346,2020,FFE+EMF,rust_inoc,3,ENDO-159
1349,2020,FFE+EMF,rust_inoc,3,ENDO-159
1351,2020,FFE+EMF,rust_inoc,3,ENDO-157
1352,2020,FFE+EMF,rust_inoc,3,ENDO-157
1353,2020,FFE+EMF,rust_inoc,3,ENDO-157
1354,2020,FFE+EMF,rust_inoc,4,ENDO-159
1355,2020,FFE+EMF,rust_inoc,4,ENDO-159
1358,2020,FFE+EMF,rust_inoc,4,ENDO-159
1359,2020,FFE+EMF,rust_inoc,4,ENDO-160
1360,2020,FFE+EMF,rust_inoc,4,ENDO-160
1362,2020,FFE+EMF,rust_inoc,4,ENDO-160
1363,2020,FFE+EMF,rust_inoc,4,ENDO-156
1367,2020,FFE+EMF,rust_inoc,4,ENDO-156
1369,2020,FFE+EMF,rust_inoc,4,ENDO-157
1371,2020,FFE+EMF,rust_inoc,4,ENDO-157
1374,2020,FFE+EMF,rust_inoc,4,ENDO-155
1377,2020,FFE+EMF,rust_inoc,4,ENDO-155
1378,2020,FFE+EMF,rust_inoc,4,ENDO-155
1379,2020,FFE+EMF,rust_inoc,4,ENDO-158
1384,2020,FFE+EMF,rust_inoc,4,ENDO-158
1386,2020,Control,rust_inoc,1,ENDO-157
1387,2020,Control,rust_inoc,1,ENDO-157
1388,2020,Control,rust_inoc,1,ENDO-157
1390,2020,Control,rust_inoc,1,ENDO-155
1393,2020,Control,rust_inoc,1,ENDO-155
1396,2020,Control,rust_inoc,1,ENDO-155
1398,2020,Control,rust_inoc,1,ENDO-160
1399,2020,Control,rust_inoc,1,ENDO-160
1400,2020,Control,rust_inoc,1,ENDO-160
1404,2020,Control,rust_inoc,1,ENDO-159
1405,2020,Control,rust_inoc,1,ENDO-159
1407,2020,Control,rust_inoc,1,ENDO-158
1408,2020,Control,rust_inoc,1,ENDO-158
1412,2020,Control,rust_inoc,1,ENDO-156
1415,2020,Control,rust_inoc,1,ENDO-156
1421,2020,Control,rust_inoc,2,ENDO-159
1422,2020,Control,rust_inoc,2,ENDO-159
1426,2020,Control,rust_inoc,2,ENDO-155
1427,2020,Control,rust_inoc,2,ENDO-155
1431,2020,Control,rust_inoc,2,ENDO-157
1432,2020,Control,rust_inoc,2,ENDO-157
1433,2020,Control,rust_inoc,2,ENDO-157
1435,2020,Control,rust_inoc,2,ENDO-160
1438,2020,Control,rust_inoc,2,ENDO-160
1439,2020,Control,rust_inoc,2,ENDO-156
1441,2020,Control,rust_inoc,2,ENDO-156
1442,2020,Control,rust_inoc,2,ENDO-156
1445,2020,Control,rust_inoc,2,ENDO-158
1447,2020,Control,rust_inoc,2,ENDO-158
1449,2020,Control,rust_inoc,2,ENDO-158
1450,2020,Control,rust_inoc,3,ENDO-157
1453,2020,Control,rust_inoc,3,ENDO-157
1456,2020,Control,rust_inoc,3,ENDO-156
1458,2020,Control,rust_inoc,3,ENDO-156
1460,2020,Control,rust_inoc,3,ENDO-159
1461,2020,Control,rust_inoc,3,ENDO-159
1462,2020,Control,rust_inoc,3,ENDO-159
1465,2020,Control,rust_inoc,3,ENDO-155
1467,2020,Control,rust_inoc,3,ENDO-155
1468,2020,Control,rust_inoc,3,ENDO-155
1471,2020,Control,rust_inoc,3,ENDO-160
1474,2020,Control,rust_inoc,3,ENDO-160
1477,2020,Control,rust_inoc,3,ENDO-158
1480,2020,Control,rust_inoc,3,ENDO-158
1481,2020,Control,rust_inoc,3,ENDO-158
1482,2020,Control,rust_inoc,4,ENDO-155
1485,2020,Control,rust_inoc,4,ENDO-155
1489,2020,Control,rust_inoc,4,ENDO-160
1490,2020,Control,rust_inoc,4,ENDO-160
1492,2020,Control,rust_inoc,4,ENDO-160
1496,2020,Control,rust_inoc,4,ENDO-158
1497,2020,Control,rust_inoc,4,ENDO-158
1500,2020,Control,rust_inoc,4,ENDO-159
1501,2020,Control,rust_inoc,4,ENDO-159
1503,2020,Control,rust_inoc,4,ENDO-159
1506,2020,Control,rust_inoc,4,ENDO-157
1507,2020,Control,rust_inoc,4,ENDO-157
1511,2020,Control,rust_inoc,4,ENDO-156
1512,2020,Control,rust_inoc,4,ENDO-156
1513,2020,Control,rust_inoc,4,ENDO-156
1514,2020,FFE,rust_ctrl,1,ENDO-157
1517,2020,FFE,rust_ctrl,1,ENDO-157
1518,2020,FFE,rust_ctrl,1,ENDO-155
1523,2020,FFE,rust_ctrl,1,ENDO-155
1524,2020,FFE,rust_ctrl,1,ENDO-155
1526,2020,FFE,rust_ctrl,1,ENDO-156
1528,2020,FFE,rust_ctrl,1,ENDO-156
1530,2020,FFE,rust_ctrl,1,ENDO-158
1533,2020,FFE,rust_ctrl,1,ENDO-158
1535,2020,FFE,rust_ctrl,1,ENDO-158
1537,2020,FFE,rust_ctrl,1,ENDO-160
1540,2020,FFE,rust_ctrl,1,ENDO-160
1543,2020,FFE,rust_ctrl,1,ENDO-159
1544,2020,FFE,rust_ctrl,1,ENDO-159
1545,2020,FFE,rust_ctrl,1,ENDO-159
1547,2020,FFE,rust_ctrl,2,ENDO-158
1549,2020,FFE,rust_ctrl,2,ENDO-158
1554,2020,FFE,rust_ctrl,2,ENDO-160
1555,2020,FFE,rust_ctrl,2,ENDO-160
1556,2020,FFE,rust_ctrl,2,ENDO-160
1559,2020,FFE,rust_ctrl,2,ENDO-155
1561,2020,FFE,rust_ctrl,2,ENDO-155
1562,2020,FFE,rust_ctrl,2,ENDO-155
1564,2020,FFE,rust_ctrl,2,ENDO-156
1565,2020,FFE,rust_ctrl,2,ENDO-156
1568,2020,FFE,rust_ctrl,2,ENDO-156
1569,2020,FFE,rust_ctrl,2,ENDO-159
1572,2020,FFE,rust_ctrl,2,ENDO-159
1573,2020,FFE,rust_ctrl,2,ENDO-159
1574,2020,FFE,rust_ctrl,2,ENDO-157
1575,2020,FFE,rust_ctrl,2,ENDO-157
1578,2020,FFE,rust_ctrl,3,ENDO-160
1581,2020,FFE,rust_ctrl,3,ENDO-160
1582,2020,FFE,rust_ctrl,3,ENDO-160
1583,2020,FFE,rust_ctrl,3,ENDO-159
1586,2020,FFE,rust_ctrl,3,ENDO-159
1587,2020,FFE,rust_ctrl,3,ENDO-157
1588,2020,FFE,rust_ctrl,3,ENDO-157
1590,2020,FFE,rust_ctrl,3,ENDO-157
1593,2020,FFE,rust_ctrl,3,ENDO-156
1594,2020,FFE,rust_ctrl,3,ENDO-156
1596,2020,FFE,rust_ctrl,3,ENDO-156
1599,2020,FFE,rust_ctrl,3,ENDO-158
1601,2020,FFE,rust_ctrl,3,ENDO-158
1604,2020,FFE,rust_ctrl,3,ENDO-155
1609,2020,FFE,rust_ctrl,3,ENDO-155
1610,2020,FFE,rust_ctrl,4,ENDO-156
1611,2020,FFE,rust_ctrl,4,ENDO-156
1616,2020,FFE,rust_ctrl,4,ENDO-157
1618,2020,FFE,rust_ctrl,4,ENDO-157
1620,2020,FFE,rust_ctrl,4,ENDO-157
1621,2020,FFE,rust_ctrl,4,ENDO-155
1626,2020,FFE,rust_ctrl,4,ENDO-155
1630,2020,FFE,rust_ctrl,4,ENDO-159
1631,2020,FFE,rust_ctrl,4,ENDO-159
1633,2020,FFE,rust_ctrl,4,ENDO-158
1635,2020,FFE,rust_ctrl,4,ENDO-158
1636,2020,FFE,rust_ctrl,4,ENDO-158
1640,2020,FFE,rust_ctrl,4,ENDO-160
1641,2020,FFE,rust_ctrl,4,ENDO-160
1642,2020,EMF,rust_ctrl,1,ENDO-159
1643,2020,EMF,rust_ctrl,1,ENDO-159
1645,2020,EMF,rust_ctrl,1,ENDO-159
1647,2020,EMF,rust_ctrl,1,ENDO-157
1648,2020,EMF,rust_ctrl,1,ENDO-157
1652,2020,EMF,rust_ctrl,1,ENDO-160
1653,2020,EMF,rust_ctrl,1,ENDO-160
1654,2020,EMF,rust_ctrl,1,ENDO-160
1657,2020,EMF,rust_ctrl,1,ENDO-155
1662,2020,EMF,rust_ctrl,1,ENDO-155
1664,2020,EMF,rust_ctrl,1,ENDO-156
1665,2020,EMF,rust_ctrl,1,ENDO-156
1666,2020,EMF,rust_ctrl,1,ENDO-156
1668,2020,EMF,rust_ctrl,1,ENDO-158
1672,2020,EMF,rust_ctrl,1,ENDO-158
1674,2020,EMF,rust_ctrl,2,ENDO-159
1675,2020,EMF,rust_ctrl,2,ENDO-159
1679,2020,EMF,rust_ctrl,2,ENDO-156
1683,2020,EMF,rust_ctrl,2,ENDO-156
1684,2020,EMF,rust_ctrl,2,ENDO-157
1685,2020,EMF,rust_ctrl,2,ENDO-157
1687,2020,EMF,rust_ctrl,2,ENDO-157
1688,2020,EMF,rust_ctrl,2,ENDO-160
1691,2020,EMF,rust_ctrl,2,ENDO-160
1692,2020,EMF,rust_ctrl,2,ENDO-155
1694,2020,EMF,rust_ctrl,2,ENDO-155
1699,2020,EMF,rust_ctrl,2,ENDO-158
1700,2020,EMF,rust_ctrl,2,ENDO-158
1701,2020,EMF,rust_ctrl,2,ENDO-158
1707,2020,EMF,rust_ctrl,3,ENDO-156
1708,2020,EMF,rust_ctrl,3,ENDO-156
1714,2020,EMF,rust_ctrl,3,ENDO-157
1715,2020,EMF,rust_ctrl,3,ENDO-157
1717,2020,EMF,rust_ctrl,3,ENDO-155
1720,2020,EMF,rust_ctrl,3,ENDO-155
1721,2020,EMF,rust_ctrl,3,ENDO-155
1724,2020,EMF,rust_ctrl,3,ENDO-160
1727,2020,EMF,rust_ctrl,3,ENDO-160
1729,2020,EMF,rust_ctrl,3,ENDO-158
1731,2020,EMF,rust_ctrl,3,ENDO-158
1733,2020,EMF,rust_ctrl,3,ENDO-158
1735,2020,EMF,rust_ctrl,3,ENDO-159
1736,2020,EMF,rust_ctrl,3,ENDO-159
1737,2020,EMF,rust_ctrl,3,ENDO-159
1738,2020,EMF,rust_ctrl,4,ENDO-156
1739,2020,EMF,rust_ctrl,4,ENDO-156
1741,2020,EMF,rust_ctrl,4,ENDO-156
1743,2020,EMF,rust_ctrl,4,ENDO-157
1746,2020,EMF,rust_ctrl,4,ENDO-157
1747,2020,EMF,rust_ctrl,4,ENDO-155
1750,2020,EMF,rust_ctrl,4,ENDO-155
1753,2020,EMF,rust_ctrl,4,ENDO-155
1754,2020,EMF,rust_ctrl,4,ENDO-160
1756,2020,EMF,rust_ctrl,4,ENDO-160
1758,2020,EMF,rust_ctrl,4,ENDO-160
1759,2020,EMF,rust_ctrl,4,ENDO-159
1761,2020,EMF,rust_ctrl,4,ENDO-159
1762,2020,EMF,rust_ctrl,4,ENDO-159
1764,2020,EMF,rust_ctrl,4,ENDO-158
1769,2020,EMF,rust_ctrl,4,ENDO-158
1774,2020,FFE+EMF,rust_ctrl,1,ENDO-155
1775,2020,FFE+EMF,rust_ctrl,1,ENDO-155
1776,2020,FFE+EMF,rust_ctrl,1,ENDO-155
1777,2020,FFE+EMF,rust_ctrl,1,ENDO-159
1778,2020,FFE+EMF,rust_ctrl,1,ENDO-159
1779,2020,FFE+EMF,rust_ctrl,1,ENDO-159
1783,2020,FFE+EMF,rust_ctrl,1,ENDO-158
1784,2020,FFE+EMF,rust_ctrl,1,ENDO-158
1785,2020,FFE+EMF,rust_ctrl,1,ENDO-158
1787,2020,FFE+EMF,rust_ctrl,1,ENDO-160
1790,2020,FFE+EMF,rust_ctrl,1,ENDO-160
1792,2020,FFE+EMF,rust_ctrl,1,ENDO-157
1794,2020,FFE+EMF,rust_ctrl,1,ENDO-157
1797,2020,FFE+EMF,rust_ctrl,1,ENDO-156
1800,2020,FFE+EMF,rust_ctrl,1,ENDO-156
1802,2020,FFE+EMF,rust_ctrl,2,ENDO-157
1804,2020,FFE+EMF,rust_ctrl,2,ENDO-157
1807,2020,FFE+EMF,rust_ctrl,2,ENDO-160
1808,2020,FFE+EMF,rust_ctrl,2,ENDO-160
1809,2020,FFE+EMF,rust_ctrl,2,ENDO-160
1810,2020,FFE+EMF,rust_ctrl,2,ENDO-155
1814,2020,FFE+EMF,rust_ctrl,2,ENDO-155
1815,2020,FFE+EMF,rust_ctrl,2,ENDO-155
1819,2020,FFE+EMF,rust_ctrl,2,ENDO-159
1820,2020,FFE+EMF,rust_ctrl,2,ENDO-159
1821,2020,FFE+EMF,rust_ctrl,2,ENDO-159
1822,2020,FFE+EMF,rust_ctrl,2,ENDO-156
1825,2020,FFE+EMF,rust_ctrl,2,ENDO-156
1826,2020,FFE+EMF,rust_ctrl,2,ENDO-156
1828,2020,FFE+EMF,rust_ctrl,2,ENDO-158
1831,2020,FFE+EMF,rust_ctrl,2,ENDO-158
1834,2020,FFE+EMF,rust_ctrl,3,ENDO-157
1835,2020,FFE+EMF,rust_ctrl,3,ENDO-157
1836,2020,FFE+EMF,rust_ctrl,3,ENDO-157
1839,2020,FFE+EMF,rust_ctrl,3,ENDO-155
1844,2020,FFE+EMF,rust_ctrl,3,ENDO-155
1846,2020,FFE+EMF,rust_ctrl,3,ENDO-156
1847,2020,FFE+EMF,rust_ctrl,3,ENDO-156
1848,2020,FFE+EMF,rust_ctrl,3,ENDO-156
1850,2020,FFE+EMF,rust_ctrl,3,ENDO-159
1853,2020,FFE+EMF,rust_ctrl,3,ENDO-159
1855,2020,FFE+EMF,rust_ctrl,3,ENDO-158
1860,2020,FFE+EMF,rust_ctrl,3,ENDO-158
1862,2020,FFE+EMF,rust_ctrl,3,ENDO-160
1863,2020,FFE+EMF,rust_ctrl,3,ENDO-160
1865,2020,FFE+EMF,rust_ctrl,3,ENDO-160
1867,2020,FFE+EMF,rust_ctrl,4,ENDO-160
1870,2020,FFE+EMF,rust_ctrl,4,ENDO-160
1874,2020,FFE+EMF,rust_ctrl,4,ENDO-156
1876,2020,FFE+EMF,rust_ctrl,4,ENDO-156
1877,2020,FFE+EMF,rust_ctrl,4,ENDO-158
1879,2020,FFE+EMF,rust_ctrl,4,ENDO-158
1881,2020,FFE+EMF,rust_ctrl,4,ENDO-158
1886,2020,FFE+EMF,rust_ctrl,4,ENDO-155
1887,2020,FFE+EMF,rust_ctrl,4,ENDO-155
1890,2020,FFE+EMF,rust_ctrl,4,ENDO-157
1892,2020,FFE+EMF,rust_ctrl,4,ENDO-157
1893,2020,FFE+EMF,rust_ctrl,4,ENDO-157
1894,2020,FFE+EMF,rust_ctrl,4,ENDO-159
1896,2020,FFE+EMF,rust_ctrl,4,ENDO-159
1898,2020,Control,rust_ctrl,1,ENDO-160
1899,2020,Control,rust_ctrl,1,ENDO-160
1900,2020,Control,rust_ctrl,1,ENDO-160
1904,2020,Control,rust_ctrl,1,ENDO-158
1907,2020,Control,rust_ctrl,1,ENDO-158
1908,2020,Control,rust_ctrl,1,ENDO-158
1914,2020,Control,rust_ctrl,1,ENDO-155
1915,2020,Control,rust_ctrl,1,ENDO-155
1918,2020,Control,rust_ctrl,1,ENDO-156
1919,2020,Control,rust_ctrl,1,ENDO-156
1921,2020,Control,rust_ctrl,1,ENDO-157
1924,2020,Control,rust_ctrl,1,ENDO-157
1925,2020,Control,rust_ctrl,1,ENDO-159
1927,2020,Control,rust_ctrl,1,ENDO-159
1929,2020,Control,rust_ctrl,1,ENDO-159
1931,2020,Control,rust_ctrl,2,ENDO-155
1934,2020,Control,rust_ctrl,2,ENDO-155
1935,2020,Control,rust_ctrl,2,ENDO-155
1936,2020,Control,rust_ctrl,2,ENDO-159
1939,2020,Control,rust_ctrl,2,ENDO-159
1942,2020,Control,rust_ctrl,2,ENDO-160
1943,2020,Control,rust_ctrl,2,ENDO-160
1944,2020,Control,rust_ctrl,2,ENDO-160
1946,2020,Control,rust_ctrl,2,ENDO-156
1947,2020,Control,rust_ctrl,2,ENDO-156
1951,2020,Control,rust_ctrl,2,ENDO-158
1953,2020,Control,rust_ctrl,2,ENDO-158
1959,2020,Control,rust_ctrl,2,ENDO-157
1960,2020,Control,rust_ctrl,2,ENDO-157
1961,2020,Control,rust_ctrl,2,ENDO-157
1963,2020,Control,rust_ctrl,3,ENDO-159
1965,2020,Control,rust_ctrl,3,ENDO-159
1969,2020,Control,rust_ctrl,3,ENDO-157
1970,2020,Control,rust_ctrl,3,ENDO-157
1971,2020,Control,rust_ctrl,3,ENDO-157
1973,2020,Control,rust_ctrl,3,ENDO-156
1974,2020,Control,rust_ctrl,3,ENDO-156
1976,2020,Control,rust_ctrl,3,ENDO-156
1977,2020,Control,rust_ctrl,3,ENDO-158
1978,2020,Control,rust_ctrl,3,ENDO-158
1981,2020,Control,rust_ctrl,3,ENDO-158
1984,2020,Control,rust_ctrl,3,ENDO-160
1986,2020,Control,rust_ctrl,3,ENDO-160
1989,2020,Control,rust_ctrl,3,ENDO-155
1991,2020,Control,rust_ctrl,3,ENDO-155
1994,2020,Control,rust_ctrl,4,ENDO-155
1998,2020,Control,rust_ctrl,4,ENDO-155
2000,2020,Control,rust_ctrl,4,ENDO-155
2003,2020,Control,rust_ctrl,4,ENDO-157
2004,2020,Control,rust_ctrl,4,ENDO-157
2006,2020,Control,rust_ctrl,4,ENDO-160
2008,2020,Control,rust_ctrl,4,ENDO-160
2013,2020,Control,rust_ctrl,4,ENDO-156
2014,2020,Control,rust_ctrl,4,ENDO-156
2015,2020,Control,rust_ctrl,4,ENDO-156
2019,2020,Control,rust_ctrl,4,ENDO-158
2020,2020,Control,rust_ctrl,4,ENDO-158
2023,2020,Control,rust_ctrl,4,ENDO-159
2024,2020,Control,rust_ctrl,4,ENDO-159
2025,2020,Control,rust_ctrl,4,ENDO-159